,,,,,,,,,,,
Insecta,Camponotus spp.,Formiga preta,Ambientes urbanos e florestais,"Formiga comum no Brasil, constrói ninhos em madeira ou solo.","Se comunicam por feromônios químicos complexos, funcionando como uma internet química.",0.5 cm,0.005 g,https://static.inaturalist.org/photos/52135431/large.jpeg,ant,1,Comum
Arachnida,Lycosa erythrognatha,Aranha de jardim,"Campos, jardins e florestas","Aranha-lobo brasileira, caçadora ágil e não constrói teia.","Pode carregar seus filhotes nas costas, como um exército vivo!",2 cm,0.05 g,https://pictureinsect.com/wiki-image/1080/154159359981518862.jpeg,spider,2,Épico
Insecta,Solenopsis invicta,Formiga vermelha,Áreas tropicais e urbanas,"Formiga extremamente agressiva, pica com força e veneno.","Quando há enchentes, formam jangadas vivas com seus corpos para flutuar e sobreviver.",0.3 cm,0.003 g,https://bugwoodcloud.org/images/768x512/5314045.jpg,RedAnt,3,Comum
Insecta,Stagmomantis carolina,Louva-a-deus,Vegetação tropical,Inseto predador que fica imóvel esperando suas presas.,Tem reflexos tão rápidos que detecta e desvia de ataques de morcegos no ar,6 cm,2 g,https://inaturalist-open-data.s3.amazonaws.com/photos/158615544/original.jpg,mantis,4,Épico
Insecta,Lucanus cervus,Besouro-cervo,Mata Atlântica,Inseto escuro com mandíbulas vermelhas curvas e brilhantes.,"Apesar do tamanho compacto, suas mandíbulas são capazes de levantar, girar e arremessar insetos do mesmo porte com facilidade — um verdadeiro “braço mecânico natural”, usado em duelos acrobáticos entre machos.",25 mm,2 g,https://inaturalist-open-data.s3.amazonaws.com/photos/1822299/large.jpg,besouro,5,Raro
Arachnida,Tityus serrulatus,Escorpião-cinza,Áreas urbanas e secas,"Escorpião pequeno e muito venenoso, comum no Brasil.","Consegue se reproduzir sozinho, ou seja, não precisa de parceiro para formar colônias.",7 cm,3 g,https://www.estado.rs.gov.br/upload/recortes/202501/29180411_2167371_GDO.jpeg,Scorpion,6,Comum
Insecta,Coccinella septempunctata,Joaninha,"Jardins, campos e plantações","Inseto pequeno e colorido, conhecida por trazer sorte",Libera um fluido tóxico pelas pernas como defesa e usa sua coloração vibrante como aviso químico.,0.7 cm,0.005 g,https://encrypted-tbn1.gstatic.com/images?q=tbn:ANd9GcQ81jqaLql8__JN3lAEOwWQlABOflSWDHDgikWJf49LbSsvIrQOxFatifWbemBUFgWid_xrcPt2kCkWin62e4xYm-9OjjWLUw29EeP1Gg,Ladybug,18,Raro
Arachnida,Austracantha minax,jewel Spider,florestas e jardins da Austrália,"aranha com abdômen brilhante e espinhoso, com cores metálicas e padrões que lembram pedras preciosas","quando limpam suas teias, podem usar detritos ou restos de insetos grudados nos fios como “ornamentos”, funcionando como iscas visuais",1.0 cm,0.05 g,https://static.inaturalist.org/photos/253837797/large.jpg,jewelSpider,8,Lendário
Arachnida,Maratus volans,Aranha Pavão,arbustos e gramíneas da Austrália,"aranha que possui um ""leque"" colorido em seu abdômen, lembrando um pavão","Algumas espécies refletem luz ultravioleta, visível para outras aranhas, mas não para nós.",0.5 cm,0.002 g,https://external-preview.redd.it/P3t7WF0keXNRBbrwF4eFjF0ZoWkNjTKWyJtwESSUADw.jpg?width=640&crop=smart&auto=webp&s=31477e57193326c2960d9171f4060135dab24581,AranhaPavão,9,Épico
Arachnida,Thelyphonida,Escorpiao Chicote,"cavernas, troncos e solo úmido tropical","escorpião falso e sem veneno, também chamado de vinagreta",Quando ameaçado pode espirrar ácido acético com cheiro forte de vinagre.,6 cm,1.5 g,https://live.staticflickr.com/7231/7326039762_e5442b397d_b.jpg,EscorpiaoCaudaChicote,10,Raro
Insecta,Xylocopa violacea,Abelha Carpinteira,madeira morta em áreas tropicais e subtropicais,abelha que escava madeira morta para fazer ninhos,Podem vibrar suas asas em uma frequência específica para liberar pólen de flores (polinização por vibração),2.5 cm,0.15 g,https://naturezaincomum.com.br/wp-content/uploads/2025/03/6jiegfel0u671.webp,AbelhaCarpinteira,11,Épico
Insecta,Trachelophorus giraffa,gorgulho Girafa,florestas de Madagascar,"Besouro com prolongamento no pescoço, lembrando uma girafa",Usa o pescoço para lutar com outros machos e para enrolar folhas em que a fêmea põe ovos.,3.5 cm,0.4 g,https://inaturalist-open-data.s3.amazonaws.com/photos/338938473/large.jpg,gorgulhoGirafa,12,Comum
Insecta,Hymenopus coronatus,Louva-Deus-Orquidea,florestas tropicais do Sudeste Asiático,Louva-deus com aparência de pétalas com camuflagem perfeita.,"Pode mudar de cor gradualmente (rosa, branco, lilás) para combinar melhor com o ambiente.",6 cm,4 g,https://i.redd.it/0dfhyn0hu8a31.jpg,LouvaDeusOrquidea,17,Lendário
Insecta,Myrmeleon brasiliensis,Larva de formiga Leão,areias soltas e secas,Larva predadora que cava armadilhas em forma de funil na areia para capturar formigas.,"além de jogar areia, elas podem arremessar corpos de presas mortas como munição contra outros insetos que tentam escapar do funil",1.2 cm,0.02 g,https://pbs.twimg.com/media/Ea-mH0WXYAA77ov.jpg:large,FormigaLeão,14,Raro
Insecta,Phasmatodea,Bicho-pau,florestas tropicais e subtropicais,Inseto folhoso que se parece com um galho com defesa por camuflagem.,Podem ficar completamente imóveis por horas ou até dias.,8 cm,2 g,https://static.mundoeducacao.uol.com.br/mundoeducacao/2021/12/animal-bicho-pau.jpg,Bicho-pau,15,Comum
Insecta,Brachinus crepitans,Besouro Bombardeiro,"solo úmido, margens de rios e florestas",Besouro que produz explosões químicas como defesa.,"Quando ameaçado, ejeta uma explosão química quente (quase 100 °C) pelo abdômen.",1.8 cm,0.12 g,https://img.odcdn.com.br/wp-content/uploads/2025/06/besouro-bombardeiro-2-1024x577.png,BesouroBomba,16,Comum
Vocaloid,Hatsune Miku,Miku,Wifi,"Hatsune Miku é uma cantora virtual japonesa, ícone da cultura pop e uma personagem mascote de um software de síntese vocal chamado Vocaloid","Seu nome significa ""a primeira voz do futuro""",cabe na tela de um celular,tem o peso de encantar o mundo,https://i.scdn.co/image/ab67616100005174ba025c8f62612b2ca6bfa375,HatsuneMiku,7,secret
,,,,,,,,,,,
Confeitera,Kuromius rebellis,Kuromi,Maryland,"Kuromi é uma coelha de pele branca com gorro preto e caveira na testa, que adora fazer doces apimentados com cebolinha chinesa.","ela é sem dúvidas uma confeitera extraordinária, tendo um prêmio de melhor confeitera de Maryland. Além disso, é uma versão muito melhorada da Mymelody mesmo sendo muito desastrada na cozinha :(",bate no seu joelho,que falta de educação >:/,https://www.thepopverse.com/_next/image?url=https%3A%2F%2Fmedia.thepopverse.com%2Fmedia%2Fmy-melody-kuromi-screenshot-bfzpdks52cuerpxbmtqh5ql1xm.jpg&w=1280&q=75,kuromi,13,secret
,,,,,,,,,,,secret